maintenance_record_id,machine_id,maintenance_date,maintenance_type,maintenance_description,technician,maintenance_duration,maintenance_status
1,2,2025-01-01,Corrective,Routine machine maintenance and inspection,Vikram Singh,2.55,Completed
2,12,2025-01-01,Corrective,Routine machine maintenance and inspection,Rahul Sharma,6.46,Completed
3,16,2025-01-01,Preventive,Routine machine maintenance and inspection,Ananya Rao,2.47,Completed
4,8,2025-01-02,Preventive,Routine machine maintenance and inspection,Ananya Rao,1.72,Completed
5,4,2025-01-03,Inspection,Routine machine maintenance and inspection,Vikram Singh,1.14,Completed
6,17,2025-01-04,Preventive,Routine machine maintenance and inspection,Vikram Singh,3.59,Completed
7,2,2025-01-06,Inspection,Routine machine maintenance and inspection,Arjun Patel,6.29,Completed
8,2,2025-01-07,Corrective,Routine machine maintenance and inspection,Vikram Singh,2.2,Completed
9,12,2025-01-08,Corrective,Routine machine maintenance and inspection,Arjun Patel,2.05,Completed
10,13,2025-01-08,Preventive,Routine machine maintenance and inspection,Priya Nair,5.91,Completed
11,20,2025-01-08,Inspection,Routine machine maintenance and inspection,Ananya Rao,7.18,Completed
12,2,2025-01-09,Preventive,Routine machine maintenance and inspection,Priya Nair,2.99,Completed
13,9,2025-01-10,Preventive,Routine machine maintenance and inspection,Arjun Patel,1.64,Completed
14,16,2025-01-10,Inspection,Routine machine maintenance and inspection,Vikram Singh,3.98,Completed
15,7,2025-01-11,Inspection,Routine machine maintenance and inspection,Arjun Patel,7.69,Completed
16,19,2025-01-11,Corrective,Routine machine maintenance and inspection,Vikram Singh,6.4,Completed
17,17,2025-01-12,Corrective,Routine machine maintenance and inspection,Rahul Sharma,5.53,Completed
18,3,2025-01-13,Inspection,Routine machine maintenance and inspection,Rahul Sharma,7.04,Completed
19,12,2025-01-13,Preventive,Routine machine maintenance and inspection,Ananya Rao,7.26,Completed
20,19,2025-01-13,Inspection,Routine machine maintenance and inspection,Rahul Sharma,3.2,Completed
21,13,2025-01-14,Inspection,Routine machine maintenance and inspection,Vikram Singh,3.91,Completed
22,15,2025-01-14,Preventive,Routine machine maintenance and inspection,Ananya Rao,2.03,Completed
23,18,2025-01-14,Inspection,Routine machine maintenance and inspection,Arjun Patel,5.82,Completed
24,16,2025-01-15,Preventive,Routine machine maintenance and inspection,Rahul Sharma,2.52,Completed
25,7,2025-01-16,Inspection,Routine machine maintenance and inspection,Priya Nair,2.25,Completed
26,4,2025-01-17,Inspection,Routine machine maintenance and inspection,Vikram Singh,2.09,Completed
27,13,2025-01-19,Preventive,Routine machine maintenance and inspection,Ananya Rao,1.75,Completed
28,9,2025-01-20,Preventive,Routine machine maintenance and inspection,Priya Nair,6.55,Completed
29,5,2025-01-21,Preventive,Routine machine maintenance and inspection,Priya Nair,1.7,Completed
30,7,2025-01-22,Inspection,Routine machine maintenance and inspection,Arjun Patel,6.37,Completed
31,5,2025-01-23,Corrective,Routine machine maintenance and inspection,Arjun Patel,2.14,Completed
32,14,2025-01-23,Corrective,Routine machine maintenance and inspection,Arjun Patel,5.02,Completed
33,5,2025-01-25,Corrective,Routine machine maintenance and inspection,Rahul Sharma,1.85,Completed
34,17,2025-01-25,Corrective,Routine machine maintenance and inspection,Priya Nair,5.45,Completed
35,20,2025-01-25,Inspection,Routine machine maintenance and inspection,Vikram Singh,2.74,Completed
36,15,2025-01-26,Corrective,Routine machine maintenance and inspection,Rahul Sharma,2.03,Completed
37,1,2025-01-27,Inspection,Routine machine maintenance and inspection,Priya Nair,3.96,Completed
38,2,2025-01-27,Inspection,Routine machine maintenance and inspection,Priya Nair,6.05,Completed
39,4,2025-01-27,Corrective,Routine machine maintenance and inspection,Rahul Sharma,6.56,Completed
40,11,2025-01-27,Inspection,Routine machine maintenance and inspection,Vikram Singh,2.51,Completed
41,17,2025-01-27,Corrective,Routine machine maintenance and inspection,Arjun Patel,5.75,Completed
42,20,2025-01-27,Corrective,Routine machine maintenance and inspection,Arjun Patel,2.92,Completed
43,9,2025-01-29,Corrective,Routine machine maintenance and inspection,Ananya Rao,7.89,Completed
44,1,2025-02-01,Corrective,Routine machine maintenance and inspection,Vikram Singh,5.59,Completed
45,8,2025-02-01,Preventive,Routine machine maintenance and inspection,Arjun Patel,5.27,Completed
46,13,2025-02-01,Inspection,Routine machine maintenance and inspection,Arjun Patel,2.17,Completed
47,17,2025-02-01,Inspection,Routine machine maintenance and inspection,Vikram Singh,4.86,Completed
48,4,2025-02-03,Preventive,Routine machine maintenance and inspection,Vikram Singh,7.07,Completed
49,7,2025-02-03,Corrective,Routine machine maintenance and inspection,Priya Nair,7.18,Completed
50,15,2025-02-03,Corrective,Routine machine maintenance and inspection,Rahul Sharma,3.54,Completed
51,14,2025-02-04,Inspection,Routine machine maintenance and inspection,Vikram Singh,6.27,Completed
52,2,2025-02-05,Preventive,Routine machine maintenance and inspection,Arjun Patel,4.65,Completed
53,3,2025-02-05,Corrective,Routine machine maintenance and inspection,Ananya Rao,3.54,Completed
54,17,2025-02-05,Preventive,Routine machine maintenance and inspection,Ananya Rao,3.12,Completed
55,17,2025-02-06,Preventive,Routine machine maintenance and inspection,Priya Nair,2.57,Completed
56,7,2025-02-07,Inspection,Routine machine maintenance and inspection,Ananya Rao,7.29,Completed
57,10,2025-02-07,Inspection,Routine machine maintenance and inspection,Rahul Sharma,7.66,Completed
58,16,2025-02-07,Preventive,Routine machine maintenance and inspection,Vikram Singh,4.97,Completed
59,5,2025-02-08,Inspection,Routine machine maintenance and inspection,Priya Nair,4.86,Completed
60,9,2025-02-08,Preventive,Routine machine maintenance and inspection,Ananya Rao,3.12,Completed
61,16,2025-02-08,Inspection,Routine machine maintenance and inspection,Rahul Sharma,2.37,Completed
62,13,2025-02-09,Corrective,Routine machine maintenance and inspection,Ananya Rao,2.9,Completed
63,8,2025-02-10,Inspection,Routine machine maintenance and inspection,Vikram Singh,4.47,Completed
64,12,2025-02-12,Corrective,Routine machine maintenance and inspection,Rahul Sharma,7.78,Completed
65,17,2025-02-12,Inspection,Routine machine maintenance and inspection,Arjun Patel,2.46,Completed
66,16,2025-02-13,Inspection,Routine machine maintenance and inspection,Vikram Singh,5.81,Completed
67,4,2025-02-15,Preventive,Routine machine maintenance and inspection,Priya Nair,7.7,Completed
68,3,2025-02-16,Inspection,Routine machine maintenance and inspection,Priya Nair,1.11,Completed
69,5,2025-02-16,Inspection,Routine machine maintenance and inspection,Priya Nair,6.53,Completed
70,8,2025-02-17,Inspection,Routine machine maintenance and inspection,Ananya Rao,3.38,Completed
71,13,2025-02-17,Inspection,Routine machine maintenance and inspection,Priya Nair,1.04,Completed
72,15,2025-02-17,Preventive,Routine machine maintenance and inspection,Priya Nair,3.99,Completed
73,11,2025-02-18,Inspection,Routine machine maintenance and inspection,Rahul Sharma,6.46,Completed
74,16,2025-02-20,Corrective,Routine machine maintenance and inspection,Vikram Singh,7.73,Completed
75,20,2025-02-20,Inspection,Routine machine maintenance and inspection,Priya Nair,2.61,Completed
76,5,2025-02-21,Corrective,Routine machine maintenance and inspection,Priya Nair,1.32,Completed
77,8,2025-02-21,Inspection,Routine machine maintenance and inspection,Arjun Patel,1.98,Completed
78,10,2025-02-21,Inspection,Routine machine maintenance and inspection,Arjun Patel,7.06,Completed
79,13,2025-02-22,Preventive,Routine machine maintenance and inspection,Vikram Singh,1.33,Completed
80,18,2025-02-22,Preventive,Routine machine maintenance and inspection,Rahul Sharma,3.94,Completed
81,19,2025-02-22,Corrective,Routine machine maintenance and inspection,Vikram Singh,7.88,Completed
82,1,2025-02-25,Corrective,Routine machine maintenance and inspection,Rahul Sharma,6.56,Completed
83,3,2025-02-25,Inspection,Routine machine maintenance and inspection,Rahul Sharma,6.85,Completed
84,6,2025-02-25,Corrective,Routine machine maintenance and inspection,Vikram Singh,7.0,Completed
85,11,2025-02-26,Inspection,Routine machine maintenance and inspection,Arjun Patel,1.66,Completed
86,16,2025-02-27,Inspection,Routine machine maintenance and inspection,Priya Nair,4.78,Completed
87,11,2025-02-28,Corrective,Routine machine maintenance and inspection,Priya Nair,3.73,Completed
88,18,2025-02-28,Inspection,Routine machine maintenance and inspection,Ananya Rao,5.68,Completed
89,2,2025-03-01,Corrective,Routine machine maintenance and inspection,Arjun Patel,2.01,Completed
90,13,2025-03-01,Corrective,Routine machine maintenance and inspection,Arjun Patel,7.25,Completed
91,1,2025-03-02,Preventive,Routine machine maintenance and inspection,Ananya Rao,3.18,Completed
92,10,2025-03-02,Inspection,Routine machine maintenance and inspection,Priya Nair,7.13,Completed
93,12,2025-03-02,Corrective,Routine machine maintenance and inspection,Rahul Sharma,5.39,Completed
94,9,2025-03-03,Preventive,Routine machine maintenance and inspection,Priya Nair,6.9,Completed
95,17,2025-03-03,Inspection,Routine machine maintenance and inspection,Vikram Singh,2.7,Completed
96,13,2025-03-05,Inspection,Routine machine maintenance and inspection,Arjun Patel,1.17,Completed
97,6,2025-03-06,Corrective,Routine machine maintenance and inspection,Priya Nair,6.38,Completed
98,17,2025-03-07,Preventive,Routine machine maintenance and inspection,Ananya Rao,3.17,Completed
99,4,2025-03-08,Preventive,Routine machine maintenance and inspection,Rahul Sharma,5.98,Completed
100,5,2025-03-09,Preventive,Routine machine maintenance and inspection,Arjun Patel,2.72,Completed
101,9,2025-03-09,Preventive,Routine machine maintenance and inspection,Rahul Sharma,7.0,Completed
102,10,2025-03-10,Inspection,Routine machine maintenance and inspection,Arjun Patel,3.25,Completed
103,13,2025-03-11,Preventive,Routine machine maintenance and inspection,Rahul Sharma,4.92,Completed
104,15,2025-03-11,Corrective,Routine machine maintenance and inspection,Vikram Singh,7.07,Completed
105,18,2025-03-11,Inspection,Routine machine maintenance and inspection,Priya Nair,4.99,Completed
106,18,2025-03-12,Inspection,Routine machine maintenance and inspection,Rahul Sharma,5.98,Completed
107,16,2025-03-14,Inspection,Routine machine maintenance and inspection,Rahul Sharma,7.87,Completed
108,17,2025-03-14,Corrective,Routine machine maintenance and inspection,Rahul Sharma,2.18,Completed
109,20,2025-03-14,Corrective,Routine machine maintenance and inspection,Priya Nair,1.19,Completed
110,20,2025-03-15,Preventive,Routine machine maintenance and inspection,Ananya Rao,7.22,Completed
111,20,2025-03-16,Preventive,Routine machine maintenance and inspection,Priya Nair,1.99,Completed
112,4,2025-03-17,Preventive,Routine machine maintenance and inspection,Vikram Singh,6.68,Completed
113,5,2025-03-18,Preventive,Routine machine maintenance and inspection,Priya Nair,4.93,Completed
114,13,2025-03-18,Preventive,Routine machine maintenance and inspection,Priya Nair,7.24,Completed
115,18,2025-03-18,Preventive,Routine machine maintenance and inspection,Rahul Sharma,7.77,Completed
116,9,2025-03-19,Preventive,Routine machine maintenance and inspection,Rahul Sharma,4.2,Completed
117,17,2025-03-19,Corrective,Routine machine maintenance and inspection,Arjun Patel,7.3,Completed
118,2,2025-03-21,Corrective,Routine machine maintenance and inspection,Vikram Singh,2.95,Completed
119,8,2025-03-23,Inspection,Routine machine maintenance and inspection,Arjun Patel,6.38,Completed
120,10,2025-03-23,Preventive,Routine machine maintenance and inspection,Arjun Patel,3.39,Completed
121,19,2025-03-23,Preventive,Routine machine maintenance and inspection,Arjun Patel,3.35,Completed
122,1,2025-03-24,Corrective,Routine machine maintenance and inspection,Rahul Sharma,6.9,Completed
123,8,2025-03-24,Inspection,Routine machine maintenance and inspection,Ananya Rao,1.12,Completed
124,12,2025-03-24,Preventive,Routine machine maintenance and inspection,Arjun Patel,1.04,Completed
125,13,2025-03-24,Preventive,Routine machine maintenance and inspection,Vikram Singh,6.38,Completed
126,18,2025-03-24,Inspection,Routine machine maintenance and inspection,Vikram Singh,7.56,Completed
127,20,2025-03-25,Corrective,Routine machine maintenance and inspection,Arjun Patel,1.3,Completed
128,5,2025-03-28,Preventive,Routine machine maintenance and inspection,Vikram Singh,4.97,Completed
129,3,2025-03-29,Preventive,Routine machine maintenance and inspection,Rahul Sharma,1.6,Completed
130,4,2025-03-29,Preventive,Routine machine maintenance and inspection,Priya Nair,6.97,Completed
131,20,2025-03-30,Inspection,Routine machine maintenance and inspection,Priya Nair,7.52,Completed
132,10,2025-03-31,Preventive,Routine machine maintenance and inspection,Ananya Rao,3.1,Completed
133,3,2025-04-01,Inspection,Routine machine maintenance and inspection,Vikram Singh,7.94,Completed
134,9,2025-04-01,Corrective,Routine machine maintenance and inspection,Arjun Patel,1.36,Completed
135,14,2025-04-01,Inspection,Routine machine maintenance and inspection,Vikram Singh,5.62,Completed
136,16,2025-04-01,Inspection,Routine machine maintenance and inspection,Rahul Sharma,6.14,Completed
137,17,2025-04-01,Corrective,Routine machine maintenance and inspection,Arjun Patel,7.33,Completed
138,19,2025-04-01,Inspection,Routine machine maintenance and inspection,Priya Nair,5.88,Completed
139,1,2025-04-03,Corrective,Routine machine maintenance and inspection,Rahul Sharma,2.08,Completed
140,5,2025-04-03,Preventive,Routine machine maintenance and inspection,Priya Nair,7.09,Completed
141,1,2025-04-04,Inspection,Routine machine maintenance and inspection,Arjun Patel,2.47,Completed
142,16,2025-04-04,Preventive,Routine machine maintenance and inspection,Priya Nair,2.01,Completed
143,1,2025-04-05,Preventive,Routine machine maintenance and inspection,Priya Nair,6.29,Completed
144,12,2025-04-05,Inspection,Routine machine maintenance and inspection,Priya Nair,2.97,Completed
145,14,2025-04-05,Corrective,Routine machine maintenance and inspection,Priya Nair,7.32,Completed
146,15,2025-04-05,Corrective,Routine machine maintenance and inspection,Rahul Sharma,5.72,Completed
147,3,2025-04-08,Corrective,Routine machine maintenance and inspection,Arjun Patel,2.9,Completed
148,1,2025-04-10,Corrective,Routine machine maintenance and inspection,Vikram Singh,2.72,Completed
149,14,2025-04-11,Corrective,Routine machine maintenance and inspection,Arjun Patel,6.54,Completed
150,18,2025-04-11,Preventive,Routine machine maintenance and inspection,Arjun Patel,5.43,Completed
151,1,2025-04-13,Corrective,Routine machine maintenance and inspection,Arjun Patel,2.01,Completed
152,2,2025-04-13,Inspection,Routine machine maintenance and inspection,Vikram Singh,1.55,Completed
153,10,2025-04-14,Corrective,Routine machine maintenance and inspection,Priya Nair,4.96,Completed
154,13,2025-04-14,Inspection,Routine machine maintenance and inspection,Arjun Patel,4.48,Completed
155,4,2025-04-15,Corrective,Routine machine maintenance and inspection,Ananya Rao,1.44,Completed
156,15,2025-04-15,Inspection,Routine machine maintenance and inspection,Ananya Rao,1.17,Completed
157,19,2025-04-15,Preventive,Routine machine maintenance and inspection,Arjun Patel,7.68,Completed
158,7,2025-04-16,Inspection,Routine machine maintenance and inspection,Vikram Singh,4.85,Completed
159,8,2025-04-16,Inspection,Routine machine maintenance and inspection,Rahul Sharma,2.46,Completed
160,10,2025-04-16,Inspection,Routine machine maintenance and inspection,Rahul Sharma,5.07,Completed
161,9,2025-04-17,Inspection,Routine machine maintenance and inspection,Ananya Rao,6.39,Completed
162,9,2025-04-18,Preventive,Routine machine maintenance and inspection,Arjun Patel,6.81,Completed
163,15,2025-04-19,Preventive,Routine machine maintenance and inspection,Arjun Patel,7.8,Completed
164,1,2025-04-20,Preventive,Routine machine maintenance and inspection,Priya Nair,1.99,Completed
165,19,2025-04-20,Inspection,Routine machine maintenance and inspection,Vikram Singh,1.44,Completed
166,4,2025-04-21,Corrective,Routine machine maintenance and inspection,Vikram Singh,3.89,Completed
167,7,2025-04-21,Preventive,Routine machine maintenance and inspection,Priya Nair,5.97,Completed
168,17,2025-04-21,Inspection,Routine machine maintenance and inspection,Vikram Singh,4.91,Completed
169,15,2025-04-25,Inspection,Routine machine maintenance and inspection,Rahul Sharma,4.47,Completed
170,5,2025-04-26,Corrective,Routine machine maintenance and inspection,Rahul Sharma,2.45,Completed
171,8,2025-04-26,Corrective,Routine machine maintenance and inspection,Rahul Sharma,3.95,Completed
172,19,2025-04-26,Corrective,Routine machine maintenance and inspection,Rahul Sharma,4.5,Completed
173,15,2025-04-28,Inspection,Routine machine maintenance and inspection,Vikram Singh,1.48,Completed
174,8,2025-04-29,Inspection,Routine machine maintenance and inspection,Priya Nair,3.99,Completed
175,11,2025-04-29,Corrective,Routine machine maintenance and inspection,Vikram Singh,2.74,Completed
176,10,2025-04-30,Corrective,Routine machine maintenance and inspection,Priya Nair,6.56,Completed
177,17,2025-04-30,Corrective,Routine machine maintenance and inspection,Ananya Rao,5.91,Completed
178,18,2025-04-30,Preventive,Routine machine maintenance and inspection,Priya Nair,7.14,Completed
179,5,2025-05-01,Preventive,Routine machine maintenance and inspection,Ananya Rao,2.31,Completed
180,15,2025-05-01,Preventive,Routine machine maintenance and inspection,Arjun Patel,3.1,Completed
181,20,2025-05-01,Inspection,Routine machine maintenance and inspection,Priya Nair,5.1,Completed
182,1,2025-05-02,Preventive,Routine machine maintenance and inspection,Priya Nair,7.45,Completed
183,16,2025-05-02,Inspection,Routine machine maintenance and inspection,Rahul Sharma,4.96,Completed
184,3,2025-05-03,Corrective,Routine machine maintenance and inspection,Rahul Sharma,7.09,Completed
185,5,2025-05-03,Inspection,Routine machine maintenance and inspection,Priya Nair,3.74,Completed
186,20,2025-05-03,Preventive,Routine machine maintenance and inspection,Ananya Rao,1.59,Completed
187,18,2025-05-07,Preventive,Routine machine maintenance and inspection,Priya Nair,7.49,Completed
188,5,2025-05-08,Corrective,Routine machine maintenance and inspection,Vikram Singh,5.17,Completed
189,12,2025-05-08,Preventive,Routine machine maintenance and inspection,Priya Nair,1.75,Completed
190,18,2025-05-08,Inspection,Routine machine maintenance and inspection,Ananya Rao,1.42,Completed
191,10,2025-05-09,Inspection,Routine machine maintenance and inspection,Priya Nair,6.34,Completed
192,15,2025-05-09,Preventive,Routine machine maintenance and inspection,Rahul Sharma,5.0,Completed
193,7,2025-05-10,Inspection,Routine machine maintenance and inspection,Priya Nair,4.05,Completed
194,19,2025-05-10,Corrective,Routine machine maintenance and inspection,Arjun Patel,7.17,Completed
195,2,2025-05-12,Inspection,Routine machine maintenance and inspection,Arjun Patel,5.52,Completed
196,3,2025-05-12,Inspection,Routine machine maintenance and inspection,Rahul Sharma,3.72,Completed
197,8,2025-05-13,Preventive,Routine machine maintenance and inspection,Ananya Rao,7.52,Completed
198,19,2025-05-13,Inspection,Routine machine maintenance and inspection,Arjun Patel,3.02,Completed
199,3,2025-05-14,Preventive,Routine machine maintenance and inspection,Ananya Rao,5.99,Completed
200,4,2025-05-14,Preventive,Routine machine maintenance and inspection,Priya Nair,6.72,Completed
201,13,2025-05-14,Preventive,Routine machine maintenance and inspection,Priya Nair,4.59,Completed
202,14,2025-05-14,Inspection,Routine machine maintenance and inspection,Rahul Sharma,3.76,Completed
203,8,2025-05-15,Corrective,Routine machine maintenance and inspection,Arjun Patel,1.0,Completed
204,18,2025-05-16,Corrective,Routine machine maintenance and inspection,Arjun Patel,4.15,Completed
205,3,2025-05-18,Corrective,Routine machine maintenance and inspection,Priya Nair,6.75,Completed
206,5,2025-05-18,Corrective,Routine machine maintenance and inspection,Rahul Sharma,3.47,Completed
207,13,2025-05-18,Preventive,Routine machine maintenance and inspection,Ananya Rao,3.6,Completed
208,3,2025-05-20,Preventive,Routine machine maintenance and inspection,Arjun Patel,2.36,Completed
209,11,2025-05-20,Preventive,Routine machine maintenance and inspection,Arjun Patel,7.01,Completed
210,14,2025-05-20,Corrective,Routine machine maintenance and inspection,Arjun Patel,7.47,Completed
211,16,2025-05-20,Corrective,Routine machine maintenance and inspection,Priya Nair,5.32,Completed
212,1,2025-05-22,Inspection,Routine machine maintenance and inspection,Priya Nair,6.61,Completed
213,20,2025-05-22,Corrective,Routine machine maintenance and inspection,Rahul Sharma,4.05,Completed
214,4,2025-05-23,Corrective,Routine machine maintenance and inspection,Rahul Sharma,3.16,Completed
215,8,2025-05-24,Corrective,Routine machine maintenance and inspection,Arjun Patel,1.23,Completed
216,1,2025-05-25,Preventive,Routine machine maintenance and inspection,Arjun Patel,6.53,Completed
217,8,2025-05-25,Inspection,Routine machine maintenance and inspection,Priya Nair,1.97,Completed
218,14,2025-05-26,Preventive,Routine machine maintenance and inspection,Ananya Rao,7.13,Completed
219,16,2025-05-27,Corrective,Routine machine maintenance and inspection,Vikram Singh,2.31,Completed
220,10,2025-05-28,Preventive,Routine machine maintenance and inspection,Priya Nair,3.91,Completed
221,6,2025-05-29,Corrective,Routine machine maintenance and inspection,Ananya Rao,2.41,Completed
222,19,2025-05-29,Inspection,Routine machine maintenance and inspection,Ananya Rao,4.83,Completed
223,2,2025-05-30,Corrective,Routine machine maintenance and inspection,Rahul Sharma,3.85,Completed
224,16,2025-05-30,Preventive,Routine machine maintenance and inspection,Ananya Rao,2.78,Completed
225,19,2025-05-30,Corrective,Routine machine maintenance and inspection,Arjun Patel,3.78,Completed
226,13,2025-05-31,Inspection,Routine machine maintenance and inspection,Arjun Patel,4.74,Completed
227,2,2025-06-01,Corrective,Routine machine maintenance and inspection,Rahul Sharma,3.3,Completed
228,20,2025-06-01,Preventive,Routine machine maintenance and inspection,Rahul Sharma,6.97,Completed
229,1,2025-06-02,Preventive,Routine machine maintenance and inspection,Rahul Sharma,6.45,Completed
230,5,2025-06-04,Inspection,Routine machine maintenance and inspection,Arjun Patel,6.84,Completed
231,13,2025-06-04,Preventive,Routine machine maintenance and inspection,Rahul Sharma,5.0,Completed
232,14,2025-06-04,Inspection,Routine machine maintenance and inspection,Priya Nair,5.54,Completed
233,10,2025-06-05,Inspection,Routine machine maintenance and inspection,Priya Nair,2.72,Completed
234,13,2025-06-05,Preventive,Routine machine maintenance and inspection,Rahul Sharma,7.57,Completed
235,7,2025-06-06,Corrective,Routine machine maintenance and inspection,Priya Nair,2.29,Completed
236,20,2025-06-06,Preventive,Routine machine maintenance and inspection,Priya Nair,3.18,Completed
237,4,2025-06-07,Inspection,Routine machine maintenance and inspection,Ananya Rao,7.55,Completed
238,20,2025-06-07,Corrective,Routine machine maintenance and inspection,Rahul Sharma,4.28,Completed
239,13,2025-06-08,Preventive,Routine machine maintenance and inspection,Arjun Patel,2.19,Completed
240,18,2025-06-08,Inspection,Routine machine maintenance and inspection,Priya Nair,5.04,Completed
241,18,2025-06-09,Preventive,Routine machine maintenance and inspection,Vikram Singh,5.14,Completed
242,9,2025-06-10,Preventive,Routine machine maintenance and inspection,Vikram Singh,1.93,Completed
243,16,2025-06-10,Preventive,Routine machine maintenance and inspection,Priya Nair,2.44,Completed
244,11,2025-06-12,Corrective,Routine machine maintenance and inspection,Priya Nair,3.12,Completed
245,16,2025-06-13,Preventive,Routine machine maintenance and inspection,Arjun Patel,7.29,Completed
246,7,2025-06-14,Preventive,Routine machine maintenance and inspection,Priya Nair,6.38,Completed
247,7,2025-06-15,Corrective,Routine machine maintenance and inspection,Priya Nair,4.3,Completed
248,12,2025-06-15,Preventive,Routine machine maintenance and inspection,Rahul Sharma,4.96,Completed
249,15,2025-06-15,Corrective,Routine machine maintenance and inspection,Vikram Singh,4.74,Completed
250,4,2025-06-16,Preventive,Routine machine maintenance and inspection,Ananya Rao,3.86,Completed
251,12,2025-06-17,Inspection,Routine machine maintenance and inspection,Priya Nair,7.54,Completed
252,3,2025-06-18,Preventive,Routine machine maintenance and inspection,Arjun Patel,6.79,Completed
253,6,2025-06-18,Corrective,Routine machine maintenance and inspection,Arjun Patel,5.33,Completed
254,7,2025-06-18,Inspection,Routine machine maintenance and inspection,Arjun Patel,3.57,Completed
255,17,2025-06-18,Preventive,Routine machine maintenance and inspection,Vikram Singh,1.76,Completed
256,7,2025-06-20,Corrective,Routine machine maintenance and inspection,Priya Nair,3.63,Completed
257,7,2025-06-22,Inspection,Routine machine maintenance and inspection,Ananya Rao,1.56,Completed
258,13,2025-06-22,Preventive,Routine machine maintenance and inspection,Rahul Sharma,6.43,Completed
259,8,2025-06-23,Inspection,Routine machine maintenance and inspection,Ananya Rao,1.18,Completed
260,4,2025-06-24,Preventive,Routine machine maintenance and inspection,Priya Nair,4.51,Completed
261,10,2025-06-24,Preventive,Routine machine maintenance and inspection,Rahul Sharma,5.63,Completed
262,5,2025-06-25,Corrective,Routine machine maintenance and inspection,Arjun Patel,6.5,Completed
263,7,2025-06-25,Inspection,Routine machine maintenance and inspection,Rahul Sharma,5.38,Completed
264,8,2025-06-25,Preventive,Routine machine maintenance and inspection,Arjun Patel,3.87,Completed
265,13,2025-06-25,Inspection,Routine machine maintenance and inspection,Ananya Rao,2.29,Completed
266,14,2025-06-25,Corrective,Routine machine maintenance and inspection,Rahul Sharma,7.5,Completed
267,5,2025-06-27,Corrective,Routine machine maintenance and inspection,Arjun Patel,3.58,Completed
268,1,2025-06-28,Corrective,Routine machine maintenance and inspection,Arjun Patel,6.05,Completed
269,17,2025-06-28,Preventive,Routine machine maintenance and inspection,Rahul Sharma,3.58,Completed
270,6,2025-06-29,Inspection,Routine machine maintenance and inspection,Priya Nair,1.26,Completed
271,8,2025-06-29,Corrective,Routine machine maintenance and inspection,Arjun Patel,2.43,Completed
272,6,2025-06-30,Preventive,Routine machine maintenance and inspection,Arjun Patel,5.15,Completed
273,9,2025-07-01,Preventive,Routine machine maintenance and inspection,Arjun Patel,6.74,Completed
274,11,2025-07-01,Preventive,Routine machine maintenance and inspection,Priya Nair,6.45,Completed
275,6,2025-07-02,Inspection,Routine machine maintenance and inspection,Arjun Patel,3.74,Completed
276,10,2025-07-02,Inspection,Routine machine maintenance and inspection,Rahul Sharma,6.66,Completed
277,19,2025-07-02,Preventive,Routine machine maintenance and inspection,Vikram Singh,2.36,Completed
278,8,2025-07-03,Corrective,Routine machine maintenance and inspection,Rahul Sharma,5.87,Completed
279,2,2025-07-04,Inspection,Routine machine maintenance and inspection,Rahul Sharma,1.82,Completed
280,5,2025-07-04,Preventive,Routine machine maintenance and inspection,Arjun Patel,7.12,Completed
281,6,2025-07-04,Preventive,Routine machine maintenance and inspection,Priya Nair,3.73,Completed
282,10,2025-07-04,Preventive,Routine machine maintenance and inspection,Vikram Singh,1.51,Completed
283,17,2025-07-04,Corrective,Routine machine maintenance and inspection,Ananya Rao,4.85,Completed
284,9,2025-07-05,Preventive,Routine machine maintenance and inspection,Priya Nair,7.27,Completed
285,10,2025-07-05,Inspection,Routine machine maintenance and inspection,Vikram Singh,6.46,Completed
286,5,2025-07-06,Preventive,Routine machine maintenance and inspection,Ananya Rao,3.58,Completed
287,11,2025-07-06,Corrective,Routine machine maintenance and inspection,Priya Nair,5.08,Completed
288,18,2025-07-07,Inspection,Routine machine maintenance and inspection,Priya Nair,4.99,Completed
289,12,2025-07-08,Inspection,Routine machine maintenance and inspection,Rahul Sharma,7.93,Completed
290,18,2025-07-08,Corrective,Routine machine maintenance and inspection,Arjun Patel,6.24,Completed
291,15,2025-07-10,Preventive,Routine machine maintenance and inspection,Rahul Sharma,4.93,Completed
292,19,2025-07-11,Inspection,Routine machine maintenance and inspection,Ananya Rao,4.04,Completed
293,2,2025-07-12,Preventive,Routine machine maintenance and inspection,Rahul Sharma,6.84,Completed
294,5,2025-07-12,Inspection,Routine machine maintenance and inspection,Arjun Patel,6.7,Completed
295,9,2025-07-12,Preventive,Routine machine maintenance and inspection,Vikram Singh,4.69,Completed
296,4,2025-07-13,Corrective,Routine machine maintenance and inspection,Arjun Patel,5.46,Completed
297,10,2025-07-13,Corrective,Routine machine maintenance and inspection,Arjun Patel,6.08,Completed
298,15,2025-07-13,Preventive,Routine machine maintenance and inspection,Vikram Singh,6.07,Completed
299,2,2025-07-14,Corrective,Routine machine maintenance and inspection,Rahul Sharma,3.78,Completed
300,5,2025-07-14,Preventive,Routine machine maintenance and inspection,Arjun Patel,2.42,Completed
301,16,2025-07-14,Preventive,Routine machine maintenance and inspection,Arjun Patel,6.95,Completed
302,1,2025-07-15,Preventive,Routine machine maintenance and inspection,Arjun Patel,6.25,Completed
303,11,2025-07-15,Inspection,Routine machine maintenance and inspection,Ananya Rao,3.08,Completed
304,13,2025-07-15,Preventive,Routine machine maintenance and inspection,Ananya Rao,3.26,Completed
305,13,2025-07-16,Preventive,Routine machine maintenance and inspection,Rahul Sharma,7.15,Completed
306,17,2025-07-17,Preventive,Routine machine maintenance and inspection,Ananya Rao,6.25,Completed
307,19,2025-07-17,Inspection,Routine machine maintenance and inspection,Ananya Rao,4.81,Completed
308,5,2025-07-18,Corrective,Routine machine maintenance and inspection,Arjun Patel,7.3,Completed
309,9,2025-07-18,Preventive,Routine machine maintenance and inspection,Vikram Singh,4.78,Completed
310,19,2025-07-18,Corrective,Routine machine maintenance and inspection,Ananya Rao,7.92,Completed
311,4,2025-07-19,Inspection,Routine machine maintenance and inspection,Arjun Patel,1.51,Completed
312,10,2025-07-19,Inspection,Routine machine maintenance and inspection,Ananya Rao,6.41,Completed
313,16,2025-07-19,Preventive,Routine machine maintenance and inspection,Arjun Patel,7.25,Completed
314,17,2025-07-19,Corrective,Routine machine maintenance and inspection,Rahul Sharma,7.66,Completed
315,12,2025-07-20,Preventive,Routine machine maintenance and inspection,Priya Nair,3.43,Completed
316,17,2025-07-20,Inspection,Routine machine maintenance and inspection,Vikram Singh,1.64,Completed
317,9,2025-07-21,Inspection,Routine machine maintenance and inspection,Rahul Sharma,6.04,Completed
318,5,2025-07-22,Inspection,Routine machine maintenance and inspection,Ananya Rao,3.23,Completed
319,11,2025-07-22,Corrective,Routine machine maintenance and inspection,Rahul Sharma,5.64,Completed
320,18,2025-07-22,Inspection,Routine machine maintenance and inspection,Rahul Sharma,2.18,Completed
321,10,2025-07-25,Inspection,Routine machine maintenance and inspection,Vikram Singh,4.63,Completed
322,14,2025-07-25,Corrective,Routine machine maintenance and inspection,Vikram Singh,6.41,Completed
323,17,2025-07-25,Corrective,Routine machine maintenance and inspection,Ananya Rao,1.84,Completed
324,5,2025-07-26,Inspection,Routine machine maintenance and inspection,Priya Nair,5.07,Completed
325,7,2025-07-26,Corrective,Routine machine maintenance and inspection,Arjun Patel,3.76,Completed
326,4,2025-07-27,Inspection,Routine machine maintenance and inspection,Priya Nair,7.67,Completed
327,2,2025-07-28,Corrective,Routine machine maintenance and inspection,Arjun Patel,2.65,Completed
328,2,2025-07-30,Preventive,Routine machine maintenance and inspection,Rahul Sharma,1.3,Completed
329,15,2025-07-30,Preventive,Routine machine maintenance and inspection,Priya Nair,3.38,Completed
330,16,2025-07-30,Preventive,Routine machine maintenance and inspection,Vikram Singh,4.89,Completed
331,16,2025-07-31,Corrective,Routine machine maintenance and inspection,Ananya Rao,7.89,Completed
332,1,2025-08-01,Preventive,Routine machine maintenance and inspection,Arjun Patel,5.95,Completed
333,12,2025-08-01,Inspection,Routine machine maintenance and inspection,Rahul Sharma,7.2,Completed
334,15,2025-08-02,Preventive,Routine machine maintenance and inspection,Ananya Rao,1.63,Completed
335,3,2025-08-03,Preventive,Routine machine maintenance and inspection,Vikram Singh,7.72,Completed
336,15,2025-08-03,Preventive,Routine machine maintenance and inspection,Arjun Patel,2.09,Completed
337,5,2025-08-04,Corrective,Routine machine maintenance and inspection,Arjun Patel,4.87,Completed
338,5,2025-08-05,Corrective,Routine machine maintenance and inspection,Priya Nair,7.06,Completed
339,15,2025-08-05,Inspection,Routine machine maintenance and inspection,Arjun Patel,4.08,Completed
340,11,2025-08-06,Inspection,Routine machine maintenance and inspection,Rahul Sharma,1.94,Completed
341,15,2025-08-06,Preventive,Routine machine maintenance and inspection,Arjun Patel,1.26,Completed
342,16,2025-08-06,Inspection,Routine machine maintenance and inspection,Vikram Singh,5.25,Completed
343,11,2025-08-07,Preventive,Routine machine maintenance and inspection,Arjun Patel,1.12,Completed
344,19,2025-08-08,Preventive,Routine machine maintenance and inspection,Rahul Sharma,5.04,Completed
345,4,2025-08-10,Inspection,Routine machine maintenance and inspection,Rahul Sharma,4.13,Completed
346,13,2025-08-10,Inspection,Routine machine maintenance and inspection,Arjun Patel,4.02,Completed
347,11,2025-08-11,Inspection,Routine machine maintenance and inspection,Priya Nair,7.87,Completed
348,2,2025-08-12,Inspection,Routine machine maintenance and inspection,Rahul Sharma,6.64,Completed
349,9,2025-08-12,Preventive,Routine machine maintenance and inspection,Arjun Patel,7.78,Completed
350,19,2025-08-12,Preventive,Routine machine maintenance and inspection,Arjun Patel,1.18,Completed
351,7,2025-08-13,Inspection,Routine machine maintenance and inspection,Ananya Rao,1.43,Completed
352,12,2025-08-13,Preventive,Routine machine maintenance and inspection,Arjun Patel,1.89,Completed
353,16,2025-08-14,Corrective,Routine machine maintenance and inspection,Ananya Rao,5.74,Completed
354,12,2025-08-15,Preventive,Routine machine maintenance and inspection,Vikram Singh,4.88,Completed
355,5,2025-08-16,Inspection,Routine machine maintenance and inspection,Rahul Sharma,7.82,Completed
356,9,2025-08-16,Corrective,Routine machine maintenance and inspection,Rahul Sharma,2.73,Completed
357,12,2025-08-16,Preventive,Routine machine maintenance and inspection,Priya Nair,3.53,Completed
358,19,2025-08-16,Inspection,Routine machine maintenance and inspection,Vikram Singh,2.27,Completed
359,6,2025-08-17,Preventive,Routine machine maintenance and inspection,Ananya Rao,1.04,Completed
360,19,2025-08-17,Inspection,Routine machine maintenance and inspection,Rahul Sharma,4.67,Completed
361,3,2025-08-18,Corrective,Routine machine maintenance and inspection,Vikram Singh,3.9,Completed
362,7,2025-08-18,Preventive,Routine machine maintenance and inspection,Rahul Sharma,1.35,Completed
363,12,2025-08-18,Inspection,Routine machine maintenance and inspection,Priya Nair,5.1,Completed
364,15,2025-08-18,Inspection,Routine machine maintenance and inspection,Ananya Rao,6.3,Completed
365,19,2025-08-18,Preventive,Routine machine maintenance and inspection,Rahul Sharma,3.22,Completed
366,3,2025-08-19,Inspection,Routine machine maintenance and inspection,Priya Nair,5.53,Completed
367,11,2025-08-19,Corrective,Routine machine maintenance and inspection,Ananya Rao,4.07,Completed
368,17,2025-08-20,Corrective,Routine machine maintenance and inspection,Arjun Patel,7.18,Completed
369,2,2025-08-21,Corrective,Routine machine maintenance and inspection,Ananya Rao,6.91,Completed
370,7,2025-08-22,Inspection,Routine machine maintenance and inspection,Ananya Rao,5.38,Completed
371,8,2025-08-23,Preventive,Routine machine maintenance and inspection,Rahul Sharma,6.68,Completed
372,10,2025-08-23,Corrective,Routine machine maintenance and inspection,Priya Nair,4.31,Completed
373,15,2025-08-24,Preventive,Routine machine maintenance and inspection,Ananya Rao,3.48,Completed
374,2,2025-08-25,Inspection,Routine machine maintenance and inspection,Arjun Patel,2.24,Completed
375,6,2025-08-26,Corrective,Routine machine maintenance and inspection,Ananya Rao,3.19,Completed
376,7,2025-08-26,Preventive,Routine machine maintenance and inspection,Arjun Patel,4.93,Completed
377,15,2025-08-27,Corrective,Routine machine maintenance and inspection,Rahul Sharma,2.5,Completed
378,13,2025-08-28,Corrective,Routine machine maintenance and inspection,Priya Nair,4.89,Completed
379,17,2025-08-28,Preventive,Routine machine maintenance and inspection,Priya Nair,7.35,Completed
380,4,2025-08-29,Preventive,Routine machine maintenance and inspection,Priya Nair,2.92,Completed
381,12,2025-08-29,Inspection,Routine machine maintenance and inspection,Arjun Patel,5.9,Completed
382,16,2025-08-29,Inspection,Routine machine maintenance and inspection,Rahul Sharma,7.06,Completed
383,20,2025-08-29,Corrective,Routine machine maintenance and inspection,Vikram Singh,4.62,Completed
384,10,2025-08-31,Inspection,Routine machine maintenance and inspection,Vikram Singh,7.96,Completed
385,14,2025-08-31,Preventive,Routine machine maintenance and inspection,Rahul Sharma,4.32,Completed
386,11,2025-09-01,Preventive,Routine machine maintenance and inspection,Ananya Rao,5.59,Completed
387,17,2025-09-01,Corrective,Routine machine maintenance and inspection,Vikram Singh,5.78,Completed
388,14,2025-09-02,Corrective,Routine machine maintenance and inspection,Priya Nair,6.38,Completed
389,15,2025-09-03,Inspection,Routine machine maintenance and inspection,Vikram Singh,2.12,Completed
390,20,2025-09-04,Inspection,Routine machine maintenance and inspection,Rahul Sharma,1.76,Completed
391,7,2025-09-05,Inspection,Routine machine maintenance and inspection,Ananya Rao,7.18,Completed
392,8,2025-09-07,Corrective,Routine machine maintenance and inspection,Priya Nair,3.14,Completed
393,16,2025-09-08,Inspection,Routine machine maintenance and inspection,Ananya Rao,3.66,Completed
394,18,2025-09-08,Corrective,Routine machine maintenance and inspection,Priya Nair,6.0,Completed
395,20,2025-09-08,Preventive,Routine machine maintenance and inspection,Ananya Rao,6.49,Completed
396,17,2025-09-09,Inspection,Routine machine maintenance and inspection,Rahul Sharma,4.6,Completed
397,15,2025-09-10,Inspection,Routine machine maintenance and inspection,Ananya Rao,2.52,Completed
398,18,2025-09-10,Inspection,Routine machine maintenance and inspection,Priya Nair,2.69,Completed
399,14,2025-09-11,Corrective,Routine machine maintenance and inspection,Vikram Singh,5.05,Completed
400,1,2025-09-12,Preventive,Routine machine maintenance and inspection,Ananya Rao,4.78,Completed
401,17,2025-09-12,Preventive,Routine machine maintenance and inspection,Ananya Rao,2.47,Completed
402,5,2025-09-13,Preventive,Routine machine maintenance and inspection,Rahul Sharma,2.3,Completed
403,7,2025-09-13,Preventive,Routine machine maintenance and inspection,Ananya Rao,3.7,Completed
404,18,2025-09-13,Preventive,Routine machine maintenance and inspection,Priya Nair,2.33,Completed
405,1,2025-09-14,Inspection,Routine machine maintenance and inspection,Arjun Patel,7.28,Completed
406,20,2025-09-14,Inspection,Routine machine maintenance and inspection,Rahul Sharma,4.2,Completed
407,3,2025-09-15,Corrective,Routine machine maintenance and inspection,Priya Nair,7.67,Completed
408,6,2025-09-15,Preventive,Routine machine maintenance and inspection,Rahul Sharma,4.05,Completed
409,11,2025-09-15,Inspection,Routine machine maintenance and inspection,Vikram Singh,7.41,Completed
410,8,2025-09-16,Inspection,Routine machine maintenance and inspection,Arjun Patel,4.01,Completed
411,8,2025-09-17,Preventive,Routine machine maintenance and inspection,Priya Nair,6.62,Completed
412,14,2025-09-17,Inspection,Routine machine maintenance and inspection,Arjun Patel,1.89,Completed
413,5,2025-09-18,Preventive,Routine machine maintenance and inspection,Ananya Rao,6.98,Completed
414,3,2025-09-19,Inspection,Routine machine maintenance and inspection,Ananya Rao,2.01,Completed
415,13,2025-09-19,Preventive,Routine machine maintenance and inspection,Priya Nair,6.05,Completed
416,1,2025-09-20,Corrective,Routine machine maintenance and inspection,Ananya Rao,1.88,Completed
417,8,2025-09-20,Inspection,Routine machine maintenance and inspection,Rahul Sharma,1.44,Completed
418,5,2025-09-21,Preventive,Routine machine maintenance and inspection,Vikram Singh,4.64,Completed
419,20,2025-09-21,Corrective,Routine machine maintenance and inspection,Ananya Rao,5.49,Completed
420,2,2025-09-22,Preventive,Routine machine maintenance and inspection,Ananya Rao,3.6,Completed
421,3,2025-09-22,Preventive,Routine machine maintenance and inspection,Vikram Singh,7.2,Completed
422,14,2025-09-22,Inspection,Routine machine maintenance and inspection,Arjun Patel,2.4,Completed
423,15,2025-09-22,Preventive,Routine machine maintenance and inspection,Vikram Singh,5.16,Completed
424,17,2025-09-22,Corrective,Routine machine maintenance and inspection,Priya Nair,7.34,Completed
425,10,2025-09-24,Corrective,Routine machine maintenance and inspection,Rahul Sharma,2.08,Completed
426,15,2025-09-24,Corrective,Routine machine maintenance and inspection,Arjun Patel,7.8,Completed
427,8,2025-09-25,Corrective,Routine machine maintenance and inspection,Vikram Singh,2.36,Completed
428,5,2025-09-26,Corrective,Routine machine maintenance and inspection,Rahul Sharma,4.12,Completed
429,8,2025-09-26,Corrective,Routine machine maintenance and inspection,Vikram Singh,5.34,Completed
430,13,2025-09-27,Corrective,Routine machine maintenance and inspection,Priya Nair,5.93,Completed
431,16,2025-09-28,Corrective,Routine machine maintenance and inspection,Rahul Sharma,1.55,Completed
432,8,2025-09-29,Corrective,Routine machine maintenance and inspection,Rahul Sharma,7.69,Completed
433,19,2025-09-29,Preventive,Routine machine maintenance and inspection,Rahul Sharma,1.34,Completed
434,11,2025-09-30,Preventive,Routine machine maintenance and inspection,Vikram Singh,1.32,Completed
435,15,2025-09-30,Corrective,Routine machine maintenance and inspection,Ananya Rao,7.37,Completed
436,9,2025-10-01,Preventive,Routine machine maintenance and inspection,Vikram Singh,7.75,Completed
437,17,2025-10-01,Inspection,Routine machine maintenance and inspection,Vikram Singh,6.02,Completed
438,19,2025-10-01,Inspection,Routine machine maintenance and inspection,Arjun Patel,7.97,Completed
439,11,2025-10-02,Corrective,Routine machine maintenance and inspection,Vikram Singh,4.21,Completed
440,15,2025-10-02,Preventive,Routine machine maintenance and inspection,Priya Nair,6.8,Completed
441,16,2025-10-02,Preventive,Routine machine maintenance and inspection,Vikram Singh,3.19,Completed
442,11,2025-10-03,Preventive,Routine machine maintenance and inspection,Ananya Rao,1.28,Completed
443,16,2025-10-03,Inspection,Routine machine maintenance and inspection,Ananya Rao,7.39,Completed
444,3,2025-10-05,Preventive,Routine machine maintenance and inspection,Vikram Singh,5.7,Completed
445,10,2025-10-05,Corrective,Routine machine maintenance and inspection,Vikram Singh,7.23,Completed
446,19,2025-10-05,Preventive,Routine machine maintenance and inspection,Vikram Singh,5.9,Completed
447,4,2025-10-06,Inspection,Routine machine maintenance and inspection,Rahul Sharma,4.66,Completed
448,4,2025-10-07,Preventive,Routine machine maintenance and inspection,Priya Nair,7.42,Completed
449,9,2025-10-07,Corrective,Routine machine maintenance and inspection,Ananya Rao,7.6,Completed
450,17,2025-10-07,Preventive,Routine machine maintenance and inspection,Ananya Rao,1.97,Completed
451,20,2025-10-07,Preventive,Routine machine maintenance and inspection,Ananya Rao,2.5,Completed
452,7,2025-10-08,Preventive,Routine machine maintenance and inspection,Priya Nair,2.95,Completed
453,14,2025-10-08,Corrective,Routine machine maintenance and inspection,Ananya Rao,5.22,Completed
454,16,2025-10-08,Preventive,Routine machine maintenance and inspection,Rahul Sharma,1.89,Completed
455,18,2025-10-09,Preventive,Routine machine maintenance and inspection,Priya Nair,6.01,Completed
456,15,2025-10-10,Corrective,Routine machine maintenance and inspection,Vikram Singh,7.06,Completed
457,16,2025-10-10,Preventive,Routine machine maintenance and inspection,Ananya Rao,6.24,Completed
458,4,2025-10-11,Corrective,Routine machine maintenance and inspection,Vikram Singh,2.14,Completed
459,20,2025-10-12,Inspection,Routine machine maintenance and inspection,Ananya Rao,3.64,Completed
460,7,2025-10-15,Inspection,Routine machine maintenance and inspection,Arjun Patel,2.57,Completed
461,13,2025-10-15,Corrective,Routine machine maintenance and inspection,Ananya Rao,4.5,Completed
462,14,2025-10-15,Inspection,Routine machine maintenance and inspection,Priya Nair,3.59,Completed
463,20,2025-10-16,Preventive,Routine machine maintenance and inspection,Priya Nair,1.89,Completed
464,3,2025-10-17,Inspection,Routine machine maintenance and inspection,Rahul Sharma,5.01,Completed
465,2,2025-10-19,Inspection,Routine machine maintenance and inspection,Vikram Singh,2.54,Completed
466,7,2025-10-19,Inspection,Routine machine maintenance and inspection,Rahul Sharma,4.47,Completed
467,12,2025-10-19,Inspection,Routine machine maintenance and inspection,Ananya Rao,4.13,Completed
468,6,2025-10-21,Corrective,Routine machine maintenance and inspection,Rahul Sharma,5.52,Completed
469,7,2025-10-21,Inspection,Routine machine maintenance and inspection,Priya Nair,6.71,Completed
470,10,2025-10-21,Corrective,Routine machine maintenance and inspection,Priya Nair,5.54,Completed
471,12,2025-10-21,Preventive,Routine machine maintenance and inspection,Arjun Patel,4.39,Completed
472,15,2025-10-21,Preventive,Routine machine maintenance and inspection,Priya Nair,4.24,Completed
473,10,2025-10-22,Preventive,Routine machine maintenance and inspection,Arjun Patel,3.65,Completed
474,16,2025-10-22,Inspection,Routine machine maintenance and inspection,Arjun Patel,5.03,Completed
475,7,2025-10-24,Corrective,Routine machine maintenance and inspection,Rahul Sharma,7.35,Completed
476,18,2025-10-24,Preventive,Routine machine maintenance and inspection,Vikram Singh,1.87,Completed
477,9,2025-10-26,Preventive,Routine machine maintenance and inspection,Ananya Rao,3.04,Completed
478,14,2025-10-27,Inspection,Routine machine maintenance and inspection,Rahul Sharma,4.72,Completed
479,7,2025-10-28,Inspection,Routine machine maintenance and inspection,Rahul Sharma,2.54,Completed
480,10,2025-10-28,Corrective,Routine machine maintenance and inspection,Vikram Singh,2.6,Completed
481,14,2025-10-28,Inspection,Routine machine maintenance and inspection,Priya Nair,6.54,Completed
482,15,2025-10-28,Corrective,Routine machine maintenance and inspection,Priya Nair,4.98,Completed
483,2,2025-10-29,Inspection,Routine machine maintenance and inspection,Priya Nair,3.31,Completed
484,13,2025-10-29,Preventive,Routine machine maintenance and inspection,Arjun Patel,1.13,Completed
485,17,2025-10-29,Inspection,Routine machine maintenance and inspection,Vikram Singh,1.67,Completed
486,16,2025-10-30,Inspection,Routine machine maintenance and inspection,Arjun Patel,1.92,Completed
487,19,2025-10-30,Corrective,Routine machine maintenance and inspection,Ananya Rao,7.75,Completed
488,2,2025-11-01,Preventive,Routine machine maintenance and inspection,Ananya Rao,1.48,Completed
489,13,2025-11-01,Corrective,Routine machine maintenance and inspection,Ananya Rao,4.25,Completed
490,10,2025-11-02,Preventive,Routine machine maintenance and inspection,Priya Nair,3.2,Completed
491,19,2025-11-02,Inspection,Routine machine maintenance and inspection,Ananya Rao,5.55,Completed
492,14,2025-11-04,Corrective,Routine machine maintenance and inspection,Ananya Rao,1.85,Completed
493,7,2025-11-05,Inspection,Routine machine maintenance and inspection,Ananya Rao,2.2,Completed
494,7,2025-11-06,Preventive,Routine machine maintenance and inspection,Rahul Sharma,7.02,Completed
495,20,2025-11-06,Preventive,Routine machine maintenance and inspection,Rahul Sharma,3.11,Completed
496,4,2025-11-07,Inspection,Routine machine maintenance and inspection,Ananya Rao,2.56,Completed
497,5,2025-11-07,Preventive,Routine machine maintenance and inspection,Arjun Patel,7.28,Completed
498,20,2025-11-07,Corrective,Routine machine maintenance and inspection,Rahul Sharma,7.46,Completed
499,6,2025-11-09,Preventive,Routine machine maintenance and inspection,Vikram Singh,6.0,Completed
500,13,2025-11-09,Inspection,Routine machine maintenance and inspection,Priya Nair,5.98,Completed
501,5,2025-11-10,Corrective,Routine machine maintenance and inspection,Arjun Patel,7.95,Completed
502,8,2025-11-10,Preventive,Routine machine maintenance and inspection,Ananya Rao,6.56,Completed
503,16,2025-11-11,Inspection,Routine machine maintenance and inspection,Rahul Sharma,5.69,Completed
504,20,2025-11-11,Corrective,Routine machine maintenance and inspection,Arjun Patel,6.43,Completed
505,9,2025-11-12,Preventive,Routine machine maintenance and inspection,Arjun Patel,6.14,Completed
506,20,2025-11-12,Inspection,Routine machine maintenance and inspection,Rahul Sharma,1.64,Completed
507,5,2025-11-13,Corrective,Routine machine maintenance and inspection,Rahul Sharma,4.08,Completed
508,16,2025-11-14,Inspection,Routine machine maintenance and inspection,Priya Nair,3.7,Completed
509,7,2025-11-15,Preventive,Routine machine maintenance and inspection,Rahul Sharma,1.91,Completed
510,9,2025-11-15,Inspection,Routine machine maintenance and inspection,Vikram Singh,7.76,Completed
511,10,2025-11-15,Inspection,Routine machine maintenance and inspection,Priya Nair,7.88,Completed
512,14,2025-11-15,Preventive,Routine machine maintenance and inspection,Vikram Singh,6.99,Completed
513,18,2025-11-16,Corrective,Routine machine maintenance and inspection,Arjun Patel,2.01,Completed
514,1,2025-11-18,Corrective,Routine machine maintenance and inspection,Rahul Sharma,6.63,Completed
515,2,2025-11-18,Corrective,Routine machine maintenance and inspection,Ananya Rao,5.78,Completed
516,5,2025-11-18,Corrective,Routine machine maintenance and inspection,Arjun Patel,6.52,Completed
517,3,2025-11-19,Preventive,Routine machine maintenance and inspection,Vikram Singh,3.45,Completed
518,12,2025-11-19,Corrective,Routine machine maintenance and inspection,Arjun Patel,1.29,Completed
519,8,2025-11-20,Inspection,Routine machine maintenance and inspection,Priya Nair,5.36,Completed
520,9,2025-11-20,Inspection,Routine machine maintenance and inspection,Ananya Rao,3.38,Completed
521,15,2025-11-20,Inspection,Routine machine maintenance and inspection,Ananya Rao,6.96,Completed
522,18,2025-11-20,Inspection,Routine machine maintenance and inspection,Rahul Sharma,2.24,Completed
523,2,2025-11-21,Inspection,Routine machine maintenance and inspection,Priya Nair,4.58,Completed
524,2,2025-11-22,Corrective,Routine machine maintenance and inspection,Arjun Patel,4.99,Completed
525,7,2025-11-23,Inspection,Routine machine maintenance and inspection,Rahul Sharma,1.32,Completed
526,12,2025-11-24,Preventive,Routine machine maintenance and inspection,Vikram Singh,3.96,Completed
527,13,2025-11-24,Inspection,Routine machine maintenance and inspection,Arjun Patel,5.94,Completed
528,14,2025-11-24,Corrective,Routine machine maintenance and inspection,Arjun Patel,6.24,Completed
529,19,2025-11-24,Inspection,Routine machine maintenance and inspection,Rahul Sharma,3.29,Completed
530,13,2025-11-25,Corrective,Routine machine maintenance and inspection,Vikram Singh,4.74,Completed
531,19,2025-11-27,Corrective,Routine machine maintenance and inspection,Priya Nair,5.96,Completed
532,2,2025-11-28,Corrective,Routine machine maintenance and inspection,Vikram Singh,3.7,Completed
533,8,2025-11-28,Inspection,Routine machine maintenance and inspection,Ananya Rao,1.7,Completed
534,10,2025-11-30,Corrective,Routine machine maintenance and inspection,Priya Nair,7.21,Completed
535,3,2025-12-01,Preventive,Routine machine maintenance and inspection,Ananya Rao,6.47,Completed
536,9,2025-12-02,Corrective,Routine machine maintenance and inspection,Priya Nair,1.07,Completed
537,14,2025-12-02,Preventive,Routine machine maintenance and inspection,Rahul Sharma,6.85,Completed
538,2,2025-12-03,Inspection,Routine machine maintenance and inspection,Arjun Patel,2.89,Completed
539,4,2025-12-04,Corrective,Routine machine maintenance and inspection,Priya Nair,7.41,Completed
540,5,2025-12-04,Preventive,Routine machine maintenance and inspection,Rahul Sharma,5.76,Completed
541,13,2025-12-04,Corrective,Routine machine maintenance and inspection,Vikram Singh,3.05,Completed
542,6,2025-12-05,Preventive,Routine machine maintenance and inspection,Ananya Rao,4.3,Completed
543,9,2025-12-05,Preventive,Routine machine maintenance and inspection,Arjun Patel,3.99,Completed
544,18,2025-12-05,Corrective,Routine machine maintenance and inspection,Priya Nair,5.66,Completed
545,5,2025-12-06,Preventive,Routine machine maintenance and inspection,Arjun Patel,1.82,Completed
546,1,2025-12-07,Corrective,Routine machine maintenance and inspection,Priya Nair,4.36,Completed
547,13,2025-12-07,Preventive,Routine machine maintenance and inspection,Arjun Patel,3.01,Completed
548,19,2025-12-07,Inspection,Routine machine maintenance and inspection,Arjun Patel,3.76,Completed
549,3,2025-12-08,Inspection,Routine machine maintenance and inspection,Vikram Singh,2.66,Completed
550,9,2025-12-09,Preventive,Routine machine maintenance and inspection,Ananya Rao,6.96,Completed
551,10,2025-12-09,Corrective,Routine machine maintenance and inspection,Ananya Rao,1.65,Completed
552,7,2025-12-11,Corrective,Routine machine maintenance and inspection,Ananya Rao,4.74,Completed
553,10,2025-12-11,Preventive,Routine machine maintenance and inspection,Vikram Singh,4.8,Completed
554,6,2025-12-12,Inspection,Routine machine maintenance and inspection,Ananya Rao,7.04,Completed
555,9,2025-12-13,Inspection,Routine machine maintenance and inspection,Ananya Rao,5.1,Completed
556,10,2025-12-13,Preventive,Routine machine maintenance and inspection,Rahul Sharma,1.34,Completed
557,14,2025-12-13,Preventive,Routine machine maintenance and inspection,Priya Nair,2.15,Completed
558,3,2025-12-15,Preventive,Routine machine maintenance and inspection,Rahul Sharma,4.09,Completed
559,17,2025-12-15,Corrective,Routine machine maintenance and inspection,Ananya Rao,4.7,Completed
560,12,2025-12-16,Inspection,Routine machine maintenance and inspection,Ananya Rao,3.39,Completed
561,20,2025-12-16,Corrective,Routine machine maintenance and inspection,Ananya Rao,1.08,Completed
562,11,2025-12-17,Corrective,Routine machine maintenance and inspection,Arjun Patel,4.92,Completed
563,1,2025-12-18,Inspection,Routine machine maintenance and inspection,Vikram Singh,7.73,Completed
564,2,2025-12-18,Inspection,Routine machine maintenance and inspection,Priya Nair,2.37,Completed
565,4,2025-12-18,Inspection,Routine machine maintenance and inspection,Rahul Sharma,1.85,Completed
566,7,2025-12-18,Inspection,Routine machine maintenance and inspection,Arjun Patel,6.97,Completed
567,14,2025-12-18,Preventive,Routine machine maintenance and inspection,Ananya Rao,3.3,Completed
568,20,2025-12-18,Preventive,Routine machine maintenance and inspection,Priya Nair,2.49,Completed
569,18,2025-12-19,Preventive,Routine machine maintenance and inspection,Priya Nair,4.81,Completed
570,19,2025-12-20,Preventive,Routine machine maintenance and inspection,Ananya Rao,7.38,Completed
571,2,2025-12-21,Preventive,Routine machine maintenance and inspection,Ananya Rao,5.16,Completed
572,14,2025-12-21,Preventive,Routine machine maintenance and inspection,Ananya Rao,7.99,Completed
573,6,2025-12-22,Inspection,Routine machine maintenance and inspection,Ananya Rao,4.83,Completed
574,9,2025-12-22,Preventive,Routine machine maintenance and inspection,Vikram Singh,3.94,Completed
575,4,2025-12-23,Corrective,Routine machine maintenance and inspection,Vikram Singh,2.82,Completed
576,10,2025-12-23,Preventive,Routine machine maintenance and inspection,Arjun Patel,4.54,Completed
577,8,2025-12-24,Corrective,Routine machine maintenance and inspection,Ananya Rao,7.72,Completed
578,16,2025-12-24,Corrective,Routine machine maintenance and inspection,Arjun Patel,5.13,Completed
579,9,2025-12-25,Corrective,Routine machine maintenance and inspection,Rahul Sharma,2.63,Completed
580,10,2025-12-25,Preventive,Routine machine maintenance and inspection,Ananya Rao,7.39,Completed
581,16,2025-12-25,Inspection,Routine machine maintenance and inspection,Arjun Patel,3.77,Completed
582,1,2025-12-26,Preventive,Routine machine maintenance and inspection,Arjun Patel,7.26,Completed
583,6,2025-12-26,Corrective,Routine machine maintenance and inspection,Rahul Sharma,1.14,Completed
584,17,2025-12-26,Inspection,Routine machine maintenance and inspection,Vikram Singh,6.0,Completed
585,4,2025-12-27,Inspection,Routine machine maintenance and inspection,Ananya Rao,4.32,Completed
586,11,2025-12-27,Corrective,Routine machine maintenance and inspection,Priya Nair,6.55,Completed
587,13,2025-12-27,Inspection,Routine machine maintenance and inspection,Arjun Patel,2.21,Completed
588,17,2025-12-27,Corrective,Routine machine maintenance and inspection,Vikram Singh,4.68,Completed
589,20,2025-12-27,Preventive,Routine machine maintenance and inspection,Arjun Patel,4.82,Completed
590,3,2025-12-28,Preventive,Routine machine maintenance and inspection,Rahul Sharma,1.22,Completed
591,9,2025-12-28,Corrective,Routine machine maintenance and inspection,Arjun Patel,3.86,Completed
592,11,2025-12-28,Corrective,Routine machine maintenance and inspection,Vikram Singh,4.33,Completed
593,13,2025-12-28,Corrective,Routine machine maintenance and inspection,Arjun Patel,1.96,Completed
594,16,2025-12-28,Corrective,Routine machine maintenance and inspection,Arjun Patel,5.31,Completed
595,19,2025-12-28,Corrective,Routine machine maintenance and inspection,Arjun Patel,2.12,Completed
596,3,2025-12-29,Inspection,Routine machine maintenance and inspection,Vikram Singh,7.19,Completed
597,7,2025-12-29,Corrective,Routine machine maintenance and inspection,Priya Nair,7.09,Completed
598,16,2025-12-29,Preventive,Routine machine maintenance and inspection,Vikram Singh,2.8,Completed
599,18,2025-12-29,Preventive,Routine machine maintenance and inspection,Arjun Patel,6.32,Completed
600,5,2025-12-30,Corrective,Routine machine maintenance and inspection,Arjun Patel,2.5,Completed
601,6,2025-12-31,Corrective,Routine machine maintenance and inspection,Ananya Rao,6.73,Completed
602,8,2025-12-31,Inspection,Routine machine maintenance and inspection,Arjun Patel,2.89,Completed
