prediction_id,machine_id,model_id,prediction_timestamp,failure_probability,risk_level,prediction_status
1,14,failure_prediction_v1,2025-12-31 18:00:00,0.77426,High,Completed
2,9,failure_prediction_v1,2025-12-31 18:00:00,0.17377,Low,Completed
3,12,failure_prediction_v1,2025-12-31 18:00:00,0.88222,High,Completed
4,12,failure_prediction_v1,2025-12-31 18:00:00,0.45303,Medium,Completed
5,14,failure_prediction_v1,2025-12-31 18:00:00,0.15676,Low,Completed
6,2,failure_prediction_v1,2025-12-31 18:00:00,0.9201,High,Completed
7,14,failure_prediction_v1,2025-12-31 18:00:00,0.33069,Medium,Completed
8,16,failure_prediction_v1,2025-12-31 18:00:00,0.22293,Low,Completed
9,20,failure_prediction_v1,2025-12-31 18:00:00,0.62039,Medium,Completed
10,11,failure_prediction_v1,2025-12-31 18:00:00,0.3448,Medium,Completed
11,17,failure_prediction_v1,2025-12-31 18:00:00,0.54117,Medium,Completed
12,2,failure_prediction_v1,2025-12-31 18:00:00,0.72891,High,Completed
13,3,failure_prediction_v1,2025-12-31 18:00:00,0.84873,High,Completed
14,13,failure_prediction_v1,2025-12-31 18:00:00,0.55692,Medium,Completed
15,13,failure_prediction_v1,2025-12-31 18:00:00,0.89964,High,Completed
16,13,failure_prediction_v1,2025-12-31 18:00:00,0.81906,High,Completed
17,16,failure_prediction_v1,2025-12-31 18:00:00,0.67677,Medium,Completed
18,4,failure_prediction_v1,2025-12-31 18:00:00,0.31152,Medium,Completed
19,7,failure_prediction_v1,2025-12-31 18:00:00,0.84696,High,Completed
20,15,failure_prediction_v1,2025-12-31 18:00:00,0.84599,High,Completed
21,12,failure_prediction_v1,2025-12-31 18:00:00,0.54895,Medium,Completed
22,11,failure_prediction_v1,2025-12-31 18:00:00,0.7594,High,Completed
23,20,failure_prediction_v1,2025-12-31 18:00:00,0.44127,Medium,Completed
24,13,failure_prediction_v1,2025-12-31 18:00:00,0.36785,Medium,Completed
25,18,failure_prediction_v1,2025-12-31 18:00:00,0.0559,Low,Completed
26,2,failure_prediction_v1,2025-12-31 18:00:00,0.75846,High,Completed
27,1,failure_prediction_v1,2025-12-31 18:00:00,0.16995,Low,Completed
28,7,failure_prediction_v1,2025-12-31 18:00:00,0.7348,High,Completed
29,4,failure_prediction_v1,2025-12-31 18:00:00,0.23477,Low,Completed
30,5,failure_prediction_v1,2025-12-31 18:00:00,0.72933,High,Completed
31,11,failure_prediction_v1,2025-12-31 18:00:00,0.93792,High,Completed
32,5,failure_prediction_v1,2025-12-31 18:00:00,0.9208,High,Completed
33,11,failure_prediction_v1,2025-12-31 18:00:00,0.53731,Medium,Completed
34,16,failure_prediction_v1,2025-12-31 18:00:00,0.59147,Medium,Completed
35,5,failure_prediction_v1,2025-12-31 18:00:00,0.83558,High,Completed
36,5,failure_prediction_v1,2025-12-31 18:00:00,0.24153,Low,Completed
37,2,failure_prediction_v1,2025-12-31 18:00:00,0.18053,Low,Completed
38,3,failure_prediction_v1,2025-12-31 18:00:00,0.12335,Low,Completed
39,20,failure_prediction_v1,2025-12-31 18:00:00,0.8827,High,Completed
40,2,failure_prediction_v1,2025-12-31 18:00:00,0.38639,Medium,Completed
41,7,failure_prediction_v1,2025-12-31 18:00:00,0.84141,High,Completed
42,14,failure_prediction_v1,2025-12-31 18:00:00,0.59723,Medium,Completed
43,15,failure_prediction_v1,2025-12-31 18:00:00,0.4404,Medium,Completed
44,19,failure_prediction_v1,2025-12-31 18:00:00,0.27778,Low,Completed
45,15,failure_prediction_v1,2025-12-31 18:00:00,0.63022,Medium,Completed
46,15,failure_prediction_v1,2025-12-31 18:00:00,0.27948,Low,Completed
47,20,failure_prediction_v1,2025-12-31 18:00:00,0.16268,Low,Completed
48,2,failure_prediction_v1,2025-12-31 18:00:00,0.82982,High,Completed
49,2,failure_prediction_v1,2025-12-31 18:00:00,0.21119,Low,Completed
50,18,failure_prediction_v1,2025-12-31 18:00:00,0.72355,High,Completed
51,16,failure_prediction_v1,2025-12-31 18:00:00,0.82431,High,Completed
52,13,failure_prediction_v1,2025-12-31 18:00:00,0.55406,Medium,Completed
53,6,failure_prediction_v1,2025-12-31 18:00:00,0.10959,Low,Completed
54,4,failure_prediction_v1,2025-12-31 18:00:00,0.65819,Medium,Completed
55,16,failure_prediction_v1,2025-12-31 18:00:00,0.68048,Medium,Completed
56,15,failure_prediction_v1,2025-12-31 18:00:00,0.08793,Low,Completed
57,1,failure_prediction_v1,2025-12-31 18:00:00,0.50288,Medium,Completed
58,13,failure_prediction_v1,2025-12-31 18:00:00,0.80202,High,Completed
59,9,failure_prediction_v1,2025-12-31 18:00:00,0.43116,Medium,Completed
60,8,failure_prediction_v1,2025-12-31 18:00:00,0.87511,High,Completed
61,2,failure_prediction_v1,2025-12-31 18:00:00,0.13,Low,Completed
62,7,failure_prediction_v1,2025-12-31 18:00:00,0.56408,Medium,Completed
63,15,failure_prediction_v1,2025-12-31 18:00:00,0.91307,High,Completed
64,18,failure_prediction_v1,2025-12-31 18:00:00,0.10648,Low,Completed
65,16,failure_prediction_v1,2025-12-31 18:00:00,0.50285,Medium,Completed
66,12,failure_prediction_v1,2025-12-31 18:00:00,0.64189,Medium,Completed
67,16,failure_prediction_v1,2025-12-31 18:00:00,0.72021,High,Completed
68,14,failure_prediction_v1,2025-12-31 18:00:00,0.85511,High,Completed
69,19,failure_prediction_v1,2025-12-31 18:00:00,0.01019,Low,Completed
70,7,failure_prediction_v1,2025-12-31 18:00:00,0.03866,Low,Completed
71,1,failure_prediction_v1,2025-12-31 18:00:00,0.30218,Medium,Completed
72,4,failure_prediction_v1,2025-12-31 18:00:00,0.17106,Low,Completed
73,15,failure_prediction_v1,2025-12-31 18:00:00,0.76773,High,Completed
74,20,failure_prediction_v1,2025-12-31 18:00:00,0.10587,Low,Completed
75,14,failure_prediction_v1,2025-12-31 18:00:00,0.7041,High,Completed
76,15,failure_prediction_v1,2025-12-31 18:00:00,0.09737,Low,Completed
77,3,failure_prediction_v1,2025-12-31 18:00:00,0.24163,Low,Completed
78,2,failure_prediction_v1,2025-12-31 18:00:00,0.10625,Low,Completed
79,4,failure_prediction_v1,2025-12-31 18:00:00,0.10177,Low,Completed
80,15,failure_prediction_v1,2025-12-31 18:00:00,0.19944,Low,Completed
81,12,failure_prediction_v1,2025-12-31 18:00:00,0.3369,Medium,Completed
82,6,failure_prediction_v1,2025-12-31 18:00:00,0.80242,High,Completed
83,17,failure_prediction_v1,2025-12-31 18:00:00,0.25098,Low,Completed
84,4,failure_prediction_v1,2025-12-31 18:00:00,0.14475,Low,Completed
85,3,failure_prediction_v1,2025-12-31 18:00:00,0.01249,Low,Completed
86,7,failure_prediction_v1,2025-12-31 18:00:00,0.64054,Medium,Completed
87,18,failure_prediction_v1,2025-12-31 18:00:00,0.20132,Low,Completed
88,20,failure_prediction_v1,2025-12-31 18:00:00,0.64699,Medium,Completed
89,15,failure_prediction_v1,2025-12-31 18:00:00,0.91765,High,Completed
90,15,failure_prediction_v1,2025-12-31 18:00:00,0.52286,Medium,Completed
91,20,failure_prediction_v1,2025-12-31 18:00:00,0.7007,High,Completed
92,4,failure_prediction_v1,2025-12-31 18:00:00,0.33619,Medium,Completed
93,13,failure_prediction_v1,2025-12-31 18:00:00,0.45733,Medium,Completed
94,15,failure_prediction_v1,2025-12-31 18:00:00,0.65099,Medium,Completed
95,17,failure_prediction_v1,2025-12-31 18:00:00,0.03062,Low,Completed
96,14,failure_prediction_v1,2025-12-31 18:00:00,0.52552,Medium,Completed
97,15,failure_prediction_v1,2025-12-31 18:00:00,0.3928,Medium,Completed
98,11,failure_prediction_v1,2025-12-31 18:00:00,0.66447,Medium,Completed
99,19,failure_prediction_v1,2025-12-31 18:00:00,0.54967,Medium,Completed
100,15,failure_prediction_v1,2025-12-31 18:00:00,0.16549,Low,Completed
